generated_on,display_name,Sep.21,Oct.21,Nov.21,Dec.21,Jan.22,Feb.22
2021-09-20 00:11:20.045,RBOB,-8.7,-11.45,-12.45,-14.75,-17.2,-29.55
2021-09-20 00:26:20.045,RBOB,-8.5,-11.5,-12.45,-14.75,-17.15,-29.5
2021-09-20 00:41:20.045,RBOB,-8.55,-11.5,-12.45,-14.75,-17.15,-29.55
2021-09-20 00:56:20.045,RBOB,-8.55,-11.5,-12.45,-14.8,-17.15,-29.55
2021-09-20 01:11:20.045,RBOB,-8.5,-11.5,-12.45,-14.8,-17.2,-29.55
2021-09-20 01:26:20.045,RBOB,-8.55,-11.5,-12.45,-14.75,-17.2,-29.55
2021-09-20 01:41:20.045,RBOB,-8.5,-11.5,-12.45,-14.75,-17.15,-29.5
2021-09-20 01:56:20.045,RBOB,-8.5,-11.45,-12.4,-14.75,-17.1,-29.5
2021-09-20 02:11:20.045,RBOB,-8.45,-11.4,-12.35,-14.7,-17.05,-29.4
2021-09-20 02:26:20.052,RBOB,-8.35,-11.35,-12.35,-14.65,-17.05,-29.45
2021-09-20 02:41:20.045,RBOB,-8.4,-11.4,-12.4,-14.7,-17.1,-29.5
2021-09-20 02:56:20.045,RBOB,-8.4,-11.4,-12.35,-14.65,-17.05,-29.45
2021-09-20 03:11:20.045,RBOB,-8.45,-11.45,-12.45,-14.85,-17.3,-29.45
2021-09-20 03:26:20.045,RBOB,-8.5,-11.45,-12.5,-14.85,-17.3,-29.65
2021-09-20 03:41:20.045,RBOB,-8.6,-11.55,-12.55,-14.9,-17.3,-29.7
2021-09-20 03:56:20.045,RBOB,-8.55,-11.5,-12.55,-14.9,-17.25,-29.7
2021-09-20 04:11:20.045,RBOB,-8.55,-11.55,-12.55,-14.9,-17.3,-29.65
2021-09-20 04:26:20.051,RBOB,-8.6,-11.55,-12.55,-14.9,-17.3,-29.65
2021-09-20 04:41:20.045,RBOB,-8.45,-11.45,-12.45,-14.8,-17.2,-29.55
2021-09-20 04:56:20.045,RBOB,-8.45,-11.45,-12.45,-14.8,-17.2,-29.6
2021-09-20 05:11:20.051,RBOB,-8.4,-11.4,-12.45,-14.8,-17.2,-29.55
2021-09-20 05:26:20.045,RBOB,-8.605379746835442,-11.4,-12.45,-14.85,-17.2,-29.6
2021-09-20 05:41:20.045,RBOB,-8.45,-11.4,-12.45,-14.8,-17.2,-29.55
2021-09-20 05:56:20.045,RBOB,-8.45,-11.4,-12.4,-14.75,-17.15,-29.5
2021-09-20 06:11:20.045,RBOB,-8.4,-11.4,-12.4,-14.75,-17.1,-29.5
2021-09-20 06:26:20.045,RBOB,-8.4,-11.4,-12.45,-14.8,-17.15,-29.55
2021-09-20 06:41:20.045,RBOB,-8.35,-11.35,-12.35,-14.7,-17.1,-29.5
2021-09-20 06:56:20.045,RBOB,-8.45,-11.35,-12.35,-14.7,-17.05,-29.45
2021-09-20 07:11:20.045,RBOB,-8.3,-11.25,-12.3,-14.7,-17.1,-29.5
2021-09-20 07:26:20.049,RBOB,-8.2,-11.1,-12.15,-14.65,-17.0,-29.4
2021-09-20 07:41:20.045,RBOB,-8.1,-11.05,-12.15,-14.6,-16.95,-29.3
2021-09-20 07:56:20.045,RBOB,-8.05,-10.95,-12.05,-14.5,-16.85,-29.25
2021-09-20 08:11:20.045,RBOB,-8.15,-11.05,-12.1,-14.5,-16.9,-29.3
2021-09-20 08:26:20.045,RBOB,-8.0,-10.9,-11.95,-14.4,-16.75,-29.25
2021-09-20 08:41:20.045,RBOB,-7.95,-10.85,-11.9,-14.35,-16.75,-29.1
2021-09-20 08:56:20.045,RBOB,-7.95,-10.85,-11.9,-14.3,-16.6,-29.1
2021-09-20 09:11:20.045,RBOB,-7.9,-10.8,-11.85,-14.2,-16.6,-29.1
2021-09-20 09:26:20.045,RBOB,-7.8,-10.7,-11.75,-14.15,-16.5,-29.0
2021-09-20 09:41:20.045,RBOB,-7.8,-10.7,-11.75,-14.2,-16.55,-29.1
2021-09-20 09:56:20.045,RBOB,-7.85,-10.8,-11.85,-14.25,-16.7,-29.15
2021-09-20 10:11:20.045,RBOB,-7.85,-10.75,-11.9,-14.35,-16.75,-29.25
2021-09-20 10:26:20.045,RBOB,-7.75,-10.65,-11.8,-14.25,-16.65,-29.2
2021-09-20 10:41:20.045,RBOB,-7.8,-10.7,-11.8,-14.3,-16.7,-29.2
2021-09-20 10:56:20.045,RBOB,-7.9,-10.7,-11.8,-14.25,-16.7,-29.2
2021-09-20 11:11:20.045,RBOB,-7.9,-10.75,-11.85,-14.3,-16.75,-29.2
2021-09-20 11:26:20.045,RBOB,-7.85,-10.7,-11.85,-14.3,-16.7,-29.25
2021-09-20 11:41:20.045,RBOB,-8.1,-10.95,-12.0,-14.35,-16.7,-29.3
2021-09-20 11:56:20.045,RBOB,-8.0,-10.9,-11.95,-14.4,-16.85,-29.35
2021-09-20 12:11:20.045,RBOB,-7.95,-10.75,-11.85,-14.35,-16.8,-29.35
2021-09-20 12:26:20.045,RBOB,-7.8,-10.65,-11.75,-14.25,-16.7,-29.25
2021-09-20 12:53:00.000,RBOB,-8.05,-10.9,-11.95,-14.3,-16.75,-29.15
2021-09-20 13:08:10.038,RBOB,-7.95,-10.85,-11.9,-14.3,-16.65,-29.2
2021-09-20 13:23:10.037,RBOB,-7.8,-10.65,-11.7,-14.15,-16.55,-29.1
2021-09-20 13:38:10.037,RBOB,-7.8,-10.65,-11.7,-14.2,-16.5,-29.05
2021-09-20 13:53:10.037,RBOB,-7.9,-10.75,-11.8,-14.2,-16.55,-29.05
2021-09-20 14:08:10.037,RBOB,-7.85,-10.75,-11.8,-14.2,-16.6,-29.15
2021-09-20 14:23:10.037,RBOB,-7.6,-10.4,-11.45,-13.75,-16.2,-28.8
2021-09-20 14:38:10.037,RBOB,-8.3,-10.95,-11.9,-13.8,-16.25,-28.7
2021-09-20 14:53:10.037,RBOB,-8.85,-11.05,-11.95,-13.9,-16.3,-28.75
2021-09-20 15:08:10.037,RBOB,-8.95,-11.35,-12.1,-14.05,-16.45,-28.9
2021-09-20 15:23:10.037,RBOB,-8.9,-11.3,-12.05,-14.0,-16.45,-28.85
2021-09-20 15:38:10.038,RBOB,-8.95,-11.35,-12.15,-14.05,-16.5,-28.85
2021-09-20 15:53:10.037,RBOB,-8.8,-11.4,-12.25,-14.2,-16.65,-29.05
2021-09-20 16:08:10.037,RBOB,-8.8,-11.35,-12.25,-14.2,-16.6,-29.05
2021-09-20 16:23:10.037,RBOB,-8.85,-11.45,-12.25,-14.25,-16.65,-29.0
2021-09-20 16:38:10.037,RBOB,-8.8,-11.4,-12.25,-14.25,-16.65,-29.0
2021-09-20 16:53:10.037,RBOB,-8.75,-11.35,-12.2,-14.25,-16.65,-29.05
2021-09-20 17:08:10.038,RBOB,-8.5,-11.05,-11.9,-13.95,-16.4,-28.85
2021-09-20 17:23:10.037,RBOB,-8.65,-11.2,-12.0,-14.0,-16.45,-28.8
2021-09-20 18:28:00.000,RBOB,-8.55,-11.15,-12.05,-14.1,-16.5,-29.15
2021-09-20 18:43:00.000,RBOB,-8.45,-11.05,-11.95,-14.0,-16.5,-28.95
2021-09-20 18:58:00.000,RBOB,-8.55,-11.1,-12.0,-14.05,-16.55,-29.0
2021-09-20 19:13:00.000,RBOB,-8.45,-11.1,-12.0,-14.1,-16.55,-29.0
2021-09-20 19:28:00.000,RBOB,-8.55,-11.15,-12.05,-14.1,-16.55,-29.05
2021-09-20 19:43:00.000,RBOB,-8.5,-11.1,-12.0,-14.1,-16.55,-28.95
2021-09-20 19:58:00.000,RBOB,-8.5,-11.15,-12.05,-14.1,-16.55,-29.05
2021-09-20 20:13:00.000,RBOB,-8.55,-11.15,-12.05,-14.15,-16.6,-29.05
2021-09-20 20:28:00.000,RBOB,-8.55,-11.15,-12.1,-14.15,-16.6,-29.05
2021-09-20 20:43:00.000,RBOB,-8.6,-11.15,-12.1,-14.2,-16.65,-29.1
2021-09-20 20:58:00.000,RBOB,-8.75,-11.3,-12.2,-14.3,-16.75,-29.15
2021-09-20 21:13:00.000,RBOB,-8.65,-11.25,-12.1,-14.15,-16.6,-29.0
2021-09-20 21:28:00.000,RBOB,-8.6,-11.2,-12.05,-14.1,-16.6,-28.95
2021-09-20 21:43:00.000,RBOB,-8.5,-11.1,-12.2,-14.2,-16.7,-29.05
2021-09-20 21:58:00.000,RBOB,-8.5,-11.1,-12.0,-14.05,-16.5,-28.9
2021-09-20 22:13:00.000,RBOB,-8.55,-11.15,-12.05,-14.1,-16.6,-28.95
2021-09-20 22:28:00.000,RBOB,-8.6,-11.15,-12.1,-14.15,-16.6,-29.0
2021-09-20 22:43:00.000,RBOB,-8.55,-11.15,-12.1,-14.15,-16.6,-29.0
2021-09-20 22:58:00.000,RBOB,-8.5,-11.1,-12.0,-14.1,-16.55,-28.95
2021-09-20 23:13:00.000,RBOB,-8.45,-11.05,-12.0,-14.05,-16.5,-28.95
2021-09-20 23:28:00.000,RBOB,-8.4,-11.05,-11.95,-14.0,-16.5,-28.95
2021-09-20 23:43:00.000,RBOB,-8.5,-11.15,-12.05,-14.05,-16.6,-28.95
2021-09-20 23:58:00.000,RBOB,-8.5,-11.15,-12.05,-14.1,-16.6,-29.1
2021-09-21 00:13:00.000,RBOB,-9.1,-11.05,-12.0,-14.0,-16.55,-28.95
2021-09-21 00:28:00.000,RBOB,-9.15,-11.1,-12.0,-14.1,-16.55,-29.05
2021-09-21 00:43:00.000,RBOB,-9.15,-11.1,-12.0,-14.1,-16.55,-29.05
2021-09-21 00:58:00.000,RBOB,-9.15,-11.1,-12.05,-14.1,-16.55,-29.0
2021-09-21 01:13:00.000,RBOB,-9.15,-11.1,-12.05,-14.1,-16.55,-29.0
2021-09-21 01:28:00.000,RBOB,-9.15,-11.05,-12.0,-14.1,-16.55,-28.95
2021-09-21 01:43:00.000,RBOB,-9.15,-11.1,-12.05,-14.1,-16.55,-29.0
2021-09-21 01:58:00.000,RBOB,-9.15,-11.05,-12.05,-14.1,-16.55,-29.0
2021-09-21 02:13:00.000,RBOB,-9.15,-11.1,-12.05,-14.05,-16.55,-29.05
2021-09-21 02:28:00.000,RBOB,-8.95,-10.85,-11.8,-13.9,-16.3,-28.8
2021-09-21 02:43:00.000,RBOB,-8.9,-10.85,-11.8,-13.9,-16.35,-28.75
2021-09-21 02:58:00.000,RBOB,-9.05,-10.95,-11.9,-13.95,-16.45,-28.85
2021-09-21 03:13:00.000,RBOB,-9.0,-10.95,-11.9,-14.0,-16.45,-28.9
2021-09-21 03:28:00.000,RBOB,-9.05,-10.95,-12.0,-14.1,-16.55,-29.05
2021-09-21 03:43:00.000,RBOB,-9.0,-10.95,-12.0,-14.1,-16.6,-29.1
2021-09-21 03:58:00.000,RBOB,-9.05,-10.95,-12.0,-14.15,-16.6,-29.1
2021-09-21 04:13:00.000,RBOB,-9.0,-10.9,-12.05,-14.15,-16.6,-29.05
2021-09-21 04:28:00.000,RBOB,-8.95,-10.85,-11.95,-14.1,-16.55,-29.0
2021-09-21 04:43:00.000,RBOB,-8.95,-10.9,-12.0,-14.1,-16.55,-29.0
2021-09-21 04:58:00.000,RBOB,-8.95,-10.9,-12.0,-14.1,-16.6,-29.0
2021-09-21 05:13:00.000,RBOB,-9.0,-10.85,-11.9,-14.0,-16.5,-28.9
2021-09-21 05:28:00.000,RBOB,-8.95,-10.85,-11.9,-14.05,-16.5,-28.95
2021-09-21 05:43:00.000,RBOB,-8.95,-10.85,-11.9,-14.05,-16.5,-28.95
2021-09-21 05:58:00.000,RBOB,-8.95,-10.9,-11.95,-14.0,-16.55,-28.9
2021-09-21 06:13:00.000,RBOB,-8.9,-10.85,-11.9,-14.0,-16.45,-28.9
2021-09-21 06:28:00.000,RBOB,-8.95,-10.85,-11.95,-14.0,-16.45,-28.95
2021-09-21 06:43:00.000,RBOB,-8.95,-10.85,-11.9,-14.0,-16.45,-29.0
2021-09-21 06:58:00.000,RBOB,-8.85,-10.75,-11.8,-13.85,-16.25,-27.984177215189874
2021-09-21 07:13:00.000,RBOB,-8.85,-10.75,-11.75,-13.8,-16.25,-28.65
2021-09-21 07:28:00.000,RBOB,-8.75,-10.6,-11.65,-13.7,-16.05,-28.5
2021-09-21 07:43:00.000,RBOB,-8.65,-10.5,-11.65,-13.75,-16.2,-28.6
2021-09-21 07:58:00.000,RBOB,-8.7,-10.55,-11.7,-13.75,-16.2,-28.6
2021-09-21 08:13:00.000,RBOB,-8.75,-10.6,-11.75,-13.75,-16.2,-28.7
2021-09-21 08:28:00.000,RBOB,-8.65,-10.45,-11.55,-13.7,-16.15,-28.55
2021-09-21 08:43:00.000,RBOB,-8.7,-10.5,-11.55,-13.65,-16.2,-28.6
2021-09-21 08:58:00.000,RBOB,-8.5,-10.35,-11.4,-13.5,-15.95,-28.4
2021-09-21 09:13:00.000,RBOB,-8.55,-10.35,-11.45,-13.55,-16.05,-28.55
2021-09-21 09:28:00.000,RBOB,-8.55,-10.35,-11.4,-13.55,-16.0,-28.45
2021-09-21 09:43:00.000,RBOB,-8.55,-9.7,-11.4,-13.5,-16.0,-28.5
2021-09-21 09:58:00.000,RBOB,-8.45,-10.3,-11.35,-13.5,-16.0,-28.5
2021-09-21 10:13:00.000,RBOB,-8.5,-10.3,-11.4,-13.5,-16.0,-28.45
2021-09-21 10:28:00.000,RBOB,-8.55,-9.85,-11.4,-13.4,-15.8,-28.5
2021-09-21 10:43:00.000,RBOB,-8.55,-9.9,-11.4,-13.4,-15.85,-28.6
2021-09-21 10:58:00.000,RBOB,-8.55,-9.9,-11.4,-13.35,-15.9,-28.6
2021-09-21 11:13:00.000,RBOB,-8.55,-9.9,-11.4,-13.35,-15.75,-28.5
2021-09-21 11:28:00.000,RBOB,-8.55,-9.9,-11.4,-13.35,-15.8,-28.5
2021-09-21 11:43:00.000,RBOB,-8.45,-9.85,-11.35,-13.35,-15.7,-28.4
2021-09-21 11:58:00.000,RBOB,-8.6,-9.95,-11.35,-13.3,-15.7,-28.45
2021-09-21 12:13:00.000,RBOB,-8.55,-9.9,-11.3,-13.25,-15.65,-28.35
2021-09-21 12:28:00.000,RBOB,-8.65,-9.95,-11.3,-13.3,-15.7,-28.4
2021-09-21 12:43:00.000,RBOB,-8.7,-10.0,-11.4,-13.35,-15.8,-28.55
2021-09-21 12:58:00.000,RBOB,-8.55,-9.9,-11.25,-13.2,-15.7,-28.45
2021-09-21 13:13:00.000,RBOB,-8.15,-9.5,-10.95,-13.0,-15.55,-28.3
2021-09-21 13:28:00.000,RBOB,-8.25,-9.6,-11.05,-13.15,-15.7,-28.55
2021-09-21 13:43:00.000,RBOB,-8.2,-9.55,-11.05,-13.1,-15.7,-28.55
2021-09-21 13:58:00.000,RBOB,-8.2,-9.55,-11.0,-13.05,-15.6,-28.35
2021-09-21 14:13:00.000,RBOB,-8.7,-9.45,-10.9,-12.9,-15.5,-28.25
2021-09-21 14:28:00.000,RBOB,-8.5,-9.3,-10.9,-13.0,-15.6,-28.25
2021-09-21 14:43:00.000,RBOB,-8.4,-9.15,-10.7,-12.85,-15.45,-28.25
2021-09-21 14:58:00.000,RBOB,-8.3,-9.1,-10.75,-12.8,-15.35,-27.95
2021-09-21 15:13:00.000,RBOB,-8.55,-9.3,-10.8,-12.9,-15.4,-28.15
2021-09-21 15:28:00.000,RBOB,-8.95,-9.65,-11.1,-13.1,-15.55,-28.3
2021-09-21 15:43:00.000,RBOB,-8.95,-9.6,-11.05,-13.1,-15.55,-28.3
2021-09-21 15:58:00.000,RBOB,-8.95,-9.6,-10.95,-13.05,-15.5,-28.2
2021-09-21 16:13:00.000,RBOB,-9.0,-9.65,-11.0,-13.05,-15.5,-28.3
2021-09-21 16:28:00.000,RBOB,-9.1,-9.75,-11.05,-13.1,-15.55,-28.25
2021-09-21 16:43:00.000,RBOB,-9.15,-9.8,-11.05,-13.15,-15.6,-28.35
2021-09-21 16:58:00.000,RBOB,-9.05,-9.75,-11.1,-13.2,-15.65,-28.4
2021-09-21 17:13:00.000,RBOB,-8.7,-9.65,-11.05,-13.05,-15.65,-28.4
2021-09-21 17:28:00.000,RBOB,-9.15,-9.75,-11.1,-13.1,-15.7,-28.45
2021-09-21 17:43:00.000,RBOB,-9.2,-9.8,-11.1,-13.1,-15.7,-28.3
2021-09-21 17:58:00.000,RBOB,-9.0,-9.6,-11.0,-13.0,-15.6,-28.35
2021-09-21 18:13:00.000,RBOB,-9.0,-9.65,-11.0,-13.05,-15.6,-28.4
2021-09-21 18:28:00.000,RBOB,-9.05,-9.65,-11.05,-13.05,-15.7,-28.45
2021-09-21 18:43:00.000,RBOB,-9.05,-9.65,-11.05,-13.05,-15.65,-28.45
2021-09-21 18:58:00.000,RBOB,-9.1,-9.7,-11.05,-13.05,-15.7,-28.5
2021-09-21 19:13:00.000,RBOB,-9.1,-9.7,-11.05,-13.05,-15.7,-28.45
2021-09-21 19:28:00.000,RBOB,-9.1,-9.7,-11.05,-13.05,-15.65,-28.45
2021-09-21 19:43:00.000,RBOB,-9.15,-9.75,-11.1,-13.1,-15.7,-28.55
2021-09-21 19:58:00.000,RBOB,-9.2,-9.8,-11.1,-13.1,-15.7,-28.55
2021-09-21 20:13:00.000,RBOB,-9.2,-9.8,-11.1,-13.1,-15.7,-28.5
2021-09-21 20:28:00.000,RBOB,-9.2,-9.8,-11.1,-13.05,-15.65,-28.4
2021-09-21 20:43:00.000,RBOB,-9.15,-9.8,-11.15,-13.15,-15.8,-28.5
2021-09-21 20:58:00.000,RBOB,-9.2,-9.85,-11.1,-11.9,-14.55,-27.3
2021-09-21 21:13:00.000,RBOB,-9.2,-9.85,-9.9,-11.9,-14.55,-27.2
2021-09-21 21:28:00.000,RBOB,-9.2,-9.85,-9.9,-11.9,-14.55,-27.25
2021-09-21 21:43:00.000,RBOB,-9.25,-9.9,-9.9,-12.0,-14.55,-27.35
2021-09-21 21:58:00.000,RBOB,-9.15,-9.8,-11.25,-13.1,-15.75,-28.45
2021-09-21 22:13:00.000,RBOB,-9.15,-9.75,-11.15,-13.15,-15.7,-28.4
2021-09-21 22:28:00.000,RBOB,-9.15,-9.75,-11.1,-13.1,-15.75,-28.5
2021-09-21 22:43:00.000,RBOB,-9.1,-9.75,-11.05,-13.1,-15.7,-28.45
2021-09-21 22:58:00.000,RBOB,-9.1,-9.75,-11.05,-13.1,-15.75,-28.4
2021-09-21 23:13:00.000,RBOB,-9.1,-9.75,-11.05,-13.15,-15.75,-28.4
2021-09-21 23:28:00.000,RBOB,-9.1,-9.7,-11.05,-13.05,-15.75,-28.4
2021-09-21 23:43:00.000,RBOB,-9.05,-9.7,-11.0,-13.05,-15.65,-28.35
2021-09-21 23:58:00.000,RBOB,-9.15,-9.75,-11.1,-13.2,-15.75,-28.5
2021-09-22 00:13:00.000,RBOB,-9.15,-9.75,-11.05,-13.1,-15.75,-28.45
2021-09-22 00:28:00.000,RBOB,-9.0,-9.75,-11.15,-13.15,-15.75,-28.45
2021-09-22 00:43:00.000,RBOB,-9.0,-9.75,-9.75,-13.15,-15.75,-28.45
2021-09-22 00:58:00.000,RBOB,-8.95,-9.75,-9.75,-13.2,-15.8,-28.5
2021-09-22 01:13:00.000,RBOB,-9.05,-9.8,-11.15,-13.2,-15.85,-28.55
2021-09-22 01:28:00.000,RBOB,-9.05,-9.85,-11.15,-13.2,-15.85,-28.6
2021-09-22 01:43:00.000,RBOB,-9.05,-9.85,-11.15,-13.2,-15.85,-28.55
2021-09-22 01:58:00.000,RBOB,-8.95,-9.75,-11.1,-13.05,-15.7,-28.45
2021-09-22 02:13:00.000,RBOB,-9.05,-9.8,-11.1,-13.15,-15.8,-28.5
2021-09-22 02:28:00.000,RBOB,-9.0,-9.8,-11.15,-13.1,-15.7,-28.5
2021-09-22 02:43:00.000,RBOB,-9.0,-9.8,-11.15,-13.2,-15.75,-28.5
2021-09-22 02:58:00.000,RBOB,-9.0,-9.8,-11.1,-13.1,-15.8,-28.55
2021-09-22 03:13:00.000,RBOB,-9.0,-9.8,-11.1,-13.05,-15.7,-28.45
2021-09-22 03:28:00.000,RBOB,-9.05,-9.8,-11.1,-13.1,-15.7,-28.45
2021-09-22 03:43:00.000,RBOB,-9.05,-9.8,-11.05,-13.05,-15.7,-28.4
2021-09-22 03:58:00.000,RBOB,-9.05,-9.8,-11.05,-13.05,-15.7,-28.45
2021-09-22 04:13:00.000,RBOB,-9.0,-9.8,-11.05,-13.05,-15.7,-28.4
2021-09-22 04:28:00.000,RBOB,-9.0,-9.8,-11.05,-13.1,-15.7,-28.4
2021-09-22 04:43:00.000,RBOB,-9.0,-9.8,-11.05,-13.1,-15.65,-28.45
2021-09-22 04:58:00.000,RBOB,-9.0,-9.8,-11.05,-13.1,-15.7,-28.45
2021-09-22 05:13:00.000,RBOB,-9.05,-9.8,-10.9,-13.1,-15.7,-28.45
2021-09-22 05:28:00.000,RBOB,-9.05,-9.8,-10.9,-13.05,-15.7,-28.4
2021-09-22 05:43:00.000,RBOB,-9.0,-9.8,-11.1,-13.0,-15.65,-28.35
2021-09-22 05:58:00.000,RBOB,-9.0,-9.8,-11.1,-13.0,-15.65,-28.4
2021-09-22 06:13:00.000,RBOB,-9.0,-9.75,-11.0,-12.942494714587738,-15.6,-28.3
2021-09-22 06:28:00.000,RBOB,-9.0,-9.75,-11.0,-13.0,-15.6,-28.3
2021-09-22 06:43:00.000,RBOB,-9.0,-9.75,-11.0,-13.0,-15.6,-28.35
2021-09-22 06:58:00.000,RBOB,-9.0,-9.8,-11.1,-13.15,-15.75,-28.55
2021-09-22 07:13:00.000,RBOB,-9.0,-9.75,-11.0,-13.05,-15.65,-28.4
2021-09-22 07:28:00.000,RBOB,-8.85,-9.7,-10.9,-13.0,-15.7,-28.45
2021-09-22 07:43:00.000,RBOB,-8.7,-9.55,-10.75,-12.85,-15.6,-28.35
2021-09-22 07:58:00.000,RBOB,-8.65,-9.5,-10.75,-12.85,-15.55,-28.35
2021-09-22 08:13:00.000,RBOB,-8.85,-9.7,-10.85,-12.9,-15.65,-28.45
2021-09-22 08:28:00.000,RBOB,-8.7,-9.6,-10.7,-12.75,-15.45,-28.25
2021-09-22 08:43:00.000,RBOB,-8.9,-9.75,-10.85,-12.95,-15.6,-28.5
2021-09-22 08:58:00.000,RBOB,-9.2,-10.05,-11.0,-13.2,-15.8,-28.6
2021-09-22 09:13:00.000,RBOB,-9.05,-9.9,-10.9,-13.0,-15.6,-28.4
2021-09-22 09:28:00.000,RBOB,-9.1,-9.95,-11.0,-13.05,-15.75,-28.55
2021-09-22 09:43:00.000,RBOB,-9.05,-9.95,-11.0,-13.0,-15.7,-28.5
2021-09-22 09:58:00.000,RBOB,-9.0,-9.9,-11.0,-13.05,-15.75,-28.6
2021-09-22 10:13:00.000,RBOB,-9.05,-9.95,-10.9,-12.9,-15.6,-28.5
2021-09-22 10:28:00.000,RBOB,-9.25,-10.1,-11.05,-13.05,-15.75,-28.6
2021-09-22 10:43:00.000,RBOB,-9.2,-10.1,-11.1,-13.1,-15.8,-28.65
2021-09-22 10:58:00.000,RBOB,-9.2,-10.05,-11.05,-13.05,-15.75,-28.6
2021-09-22 11:13:00.000,RBOB,-9.2,-10.05,-11.05,-13.05,-15.75,-28.65
2021-09-22 11:28:00.000,RBOB,-9.25,-10.1,-11.1,-13.15,-15.85,-28.7
2021-09-22 11:43:00.000,RBOB,-9.2,-10.1,-11.15,-13.2,-15.85,-28.75
2021-09-22 11:58:00.000,RBOB,-9.15,-10.0,-11.1,-13.2,-15.9,-28.7
2021-09-22 12:13:00.000,RBOB,-9.0,-9.9,-11.1,-13.2,-15.85,-28.65
2021-09-22 12:28:00.000,RBOB,-8.85,-9.75,-10.85,-12.9,-15.6,-28.4
2021-09-22 12:43:00.000,RBOB,-8.9,-9.75,-10.85,-12.85,-15.55,-28.3
2021-09-22 12:58:00.000,RBOB,-9.0,-9.85,-10.9,-12.9,-15.55,-28.35
2021-09-22 13:13:00.000,RBOB,-9.2,-10.05,-11.15,-13.1,-15.8,-28.5
2021-09-22 13:28:00.000,RBOB,-9.25,-10.15,-11.2,-13.15,-15.8,-28.55
2021-09-22 13:43:00.000,RBOB,-9.35,-10.2,-11.25,-13.15,-15.85,-28.55
2021-09-22 13:58:00.000,RBOB,-8.95,-9.75,-10.9,-13.2,-15.45,-28.6
2021-09-22 14:13:00.000,RBOB,-9.0,-9.85,-10.95,-12.85,-15.55,-28.35
2021-09-22 14:28:00.000,RBOB,-8.35,-9.3,-10.5,-12.5,-15.0,-28.05
2021-09-22 15:01:00.000,RBOB,-8.45,-9.25,-10.5,-12.3,-15.1,-27.8
2021-09-22 15:16:00.000,RBOB,-7.5,-8.35,-9.6,-11.5,-14.15,-27.0
2021-09-22 15:31:00.000,RBOB,-7.4,-8.2,-9.45,-11.35,-13.95,-26.85
2021-09-22 15:46:00.000,RBOB,-7.25,-8.15,-9.5,-11.4,-14.05,-26.95
2021-09-22 16:01:00.000,RBOB,-7.45,-8.35,-9.6,-11.6,-14.15,-26.95
2021-09-22 16:16:00.000,RBOB,-7.75,-8.6,-9.9,-11.8,-14.4,-27.2
2021-09-22 16:31:00.000,RBOB,-8.0,-8.9,-10.05,-11.9,-14.6,-27.35
2021-09-22 16:46:00.000,RBOB,-8.0,-8.85,-10.05,-12.0,-14.6,-27.45
2021-09-22 17:01:00.000,RBOB,-7.85,-8.7,-9.95,-11.95,-14.6,-27.4
2021-09-22 17:16:00.000,RBOB,-7.7,-8.55,-9.9,-11.85,-14.45,-27.25
2021-09-22 17:31:00.000,RBOB,-7.75,-8.6,-9.75,-11.7,-14.3,-27.15
2021-09-22 17:46:00.000,RBOB,-7.7,-8.6,-9.7,-11.65,-14.35,-27.1
2021-09-22 18:01:00.000,RBOB,-7.75,-8.6,-9.75,-11.7,-14.35,-27.15
2021-09-22 18:16:00.000,RBOB,-8.05,-8.9,-10.0,-11.95,-14.55,-27.3
2021-09-22 18:31:00.000,RBOB,-8.05,-8.9,-10.0,-12.0,-14.65,-27.45
2021-09-22 18:46:00.000,RBOB,-8.05,-8.9,-10.05,-12.0,-14.65,-27.5
2021-09-22 19:01:00.000,RBOB,-8.05,-8.9,-10.0,-12.05,-14.65,-27.5
2021-09-22 19:16:00.000,RBOB,-8.05,-8.9,-10.0,-12.05,-14.6,-27.5
2021-09-22 19:31:00.000,RBOB,-8.05,-8.9,-10.0,-12.0,-14.65,-27.45
2021-09-22 19:46:00.000,RBOB,-8.05,-8.85,-10.05,-12.05,-14.7,-27.5
2021-09-22 20:01:00.000,RBOB,-7.95,-8.8,-10.0,-12.1,-14.7,-27.45
2021-09-22 20:16:00.000,RBOB,-8.0,-8.85,-10.0,-12.05,-14.65,-27.5
2021-09-22 20:31:00.000,RBOB,-8.0,-8.85,-9.95,-12.0,-14.65,-27.45
2021-09-22 20:46:00.000,RBOB,-8.0,-8.85,-9.95,-11.95,-14.6,-27.45
2021-09-22 21:01:00.000,RBOB,-8.8,-9.0,-9.6,-11.55,-14.15,-27.05
2021-09-22 21:16:00.000,RBOB,-8.8,-9.0,-9.6,-11.6,-14.15,-27.0
2021-09-22 21:31:00.000,RBOB,-8.8,-9.0,-9.65,-11.6,-14.15,-27.05
2021-09-22 21:46:00.000,RBOB,-8.85,-9.05,-9.65,-11.65,-14.25,-27.1
2021-09-22 22:01:00.000,RBOB,-8.0,-8.9,-10.0,-11.95,-14.55,-27.35
2021-09-22 22:16:00.000,RBOB,-8.0,-8.9,-10.0,-11.95,-14.55,-27.35
2021-09-22 22:31:00.000,RBOB,-8.0,-8.85,-10.0,-11.95,-14.55,-27.35
2021-09-22 22:46:00.000,RBOB,-8.0,-8.85,-10.0,-12.0,-14.55,-27.4
2021-09-22 23:01:00.000,RBOB,-8.0,-8.85,-10.0,-11.95,-14.6,-27.35
2021-09-22 23:16:00.000,RBOB,-8.05,-8.9,-10.0,-11.95,-14.55,-27.45
2021-09-22 23:31:00.000,RBOB,-8.0,-8.85,-9.95,-11.95,-14.6,-27.35
2021-09-22 23:46:00.000,RBOB,-8.0,-8.85,-9.95,-11.9,-14.55,-27.3
2021-09-23 00:01:00.000,RBOB,-7.95,-8.8,-9.9,-11.95,-14.5,-27.35
2021-09-23 00:16:00.000,RBOB,-8.05,-8.9,-10.0,-11.95,-14.6,-27.35
2021-09-23 00:31:00.000,RBOB,-8.05,-8.9,-10.0,-11.95,-14.6,-27.4
2021-09-23 00:46:00.000,RBOB,-8.1,-8.9,-10.0,-12.0,-14.55,-27.4
2021-09-23 01:01:00.000,RBOB,-8.05,-8.9,-10.0,-11.95,-14.5,-27.4
2021-09-23 01:16:00.000,RBOB,-8.05,-8.85,-10.0,-11.95,-14.6,-27.35
2021-09-23 01:31:00.000,RBOB,-8.05,-8.85,-9.95,-11.9,-14.55,-27.35
2021-09-23 01:46:00.000,RBOB,-8.05,-8.85,-9.95,-11.9,-14.55,-27.35
2021-09-23 02:01:00.000,RBOB,-8.05,-8.85,-10.0,-11.95,-14.6,-27.35
2021-09-23 02:16:00.000,RBOB,-8.05,-8.85,-10.0,-11.95,-14.6,-27.4
2021-09-23 02:31:00.000,RBOB,-8.1,-8.9,-10.0,-12.0,-14.6,-27.45
2021-09-23 02:46:00.000,RBOB,-8.05,-8.85,-10.0,-12.0,-14.6,-27.4
2021-09-23 03:01:00.000,RBOB,-8.05,-8.9,-10.05,-12.0,-14.55,-27.4
2021-09-23 03:16:00.000,RBOB,-8.1,-8.9,-10.05,-12.05,-14.6,-27.4
2021-09-23 03:31:00.000,RBOB,-8.1,-8.9,-10.0,-12.0,-14.6,-27.4
2021-09-23 03:46:00.000,RBOB,-8.05,-8.85,-10.05,-11.95,-14.6,-27.35
2021-09-23 04:01:00.000,RBOB,-8.05,-8.85,-10.0,-11.95,-14.55,-27.4
2021-09-23 04:16:00.000,RBOB,-8.05,-8.85,-10.0,-12.0,-14.5,-27.35
2021-09-23 04:31:00.000,RBOB,-8.05,-8.85,-10.0,-11.95,-14.6,-27.4
2021-09-23 04:46:00.000,RBOB,-8.05,-8.8,-9.95,-11.9,-14.55,-27.35
2021-09-23 05:01:00.000,RBOB,-8.0,-8.8,-9.95,-11.9,-14.55,-27.35
2021-09-23 05:16:00.000,RBOB,-8.0,-8.8,-9.95,-11.95,-14.55,-27.3
2021-09-23 05:31:00.000,RBOB,-8.0,-8.8,-9.95,-11.95,-14.55,-27.35
2021-09-23 05:46:00.000,RBOB,-8.05,-8.8,-10.0,-11.95,-14.55,-27.4
2021-09-23 06:01:00.000,RBOB,-8.0,-8.8,-9.95,-12.0,-14.6,-27.35
2021-09-23 06:16:00.000,RBOB,-8.0,-8.8,-9.95,-11.95,-14.6,-27.35
2021-09-23 06:31:00.000,RBOB,-8.05,-8.8,-10.0,-12.0,-14.6,-27.3
2021-09-23 06:46:00.000,RBOB,-8.1,-8.9,-10.0,-11.95,-14.6,-27.35
2021-09-23 07:01:00.000,RBOB,-8.05,-8.85,-10.0,-12.0,-14.6,-27.45
2021-09-23 07:16:00.000,RBOB,-8.0,-8.8,-9.95,-11.95,-14.55,-27.35
2021-09-23 07:31:00.000,RBOB,-8.05,-8.85,-10.0,-12.0,-14.6,-27.4
2021-09-23 07:46:00.000,RBOB,-8.05,-8.9,-10.05,-12.05,-14.7,-27.45
2021-09-23 08:01:00.000,RBOB,-8.05,-8.85,-10.0,-12.0,-14.65,-27.45
2021-09-23 08:16:00.000,RBOB,-8.15,-8.95,-10.15,-12.1,-14.8,-27.55
2021-09-23 08:31:00.000,RBOB,-8.0,-8.85,-10.1,-12.1,-14.75,-27.6
2021-09-23 08:46:00.000,RBOB,-7.95,-8.75,-10.05,-12.0,-14.7,-27.5
2021-09-23 09:01:00.000,RBOB,-7.95,-8.75,-10.05,-12.0,-14.7,-27.45
2021-09-23 09:16:00.000,RBOB,-7.95,-8.8,-10.05,-12.05,-14.7,-27.55
2021-09-23 09:31:00.000,RBOB,-7.85,-8.65,-10.05,-11.95,-14.65,-27.45
2021-09-23 09:46:00.000,RBOB,-7.9,-8.7,-10.1,-12.05,-14.7,-27.45
2021-09-23 10:01:00.000,RBOB,-7.9,-8.7,-10.1,-12.05,-14.75,-27.5
2021-09-23 10:16:00.000,RBOB,-7.7,-8.55,-9.95,-11.9,-14.5,-27.3
2021-09-23 10:31:00.000,RBOB,-7.65,-8.45,-9.85,-11.8,-14.45,-27.25
2021-09-23 10:46:00.000,RBOB,-7.5,-8.35,-9.85,-12.942494714587738,-14.35,-27.15
2021-09-23 11:01:00.000,RBOB,-7.4,-8.25,-9.7,-11.65,-14.25,-27.0
2021-09-23 11:16:00.000,RBOB,-7.35,-8.2,-9.7,-11.6,-14.25,-27.0
2021-09-23 11:31:00.000,RBOB,-7.35,-8.15,-9.65,-11.6,-14.2,-26.95
2021-09-23 11:46:00.000,RBOB,-7.25,-8.05,-9.6,-11.55,-14.15,-26.85
2021-09-23 12:01:00.000,RBOB,-7.25,-8.05,-9.55,-11.5,-14.05,-26.8
2021-09-23 12:16:00.000,RBOB,-7.45,-8.25,-9.4,-11.3,-13.9,-26.7
2021-09-23 12:31:00.000,RBOB,-7.6,-8.45,-9.7,-11.45,-14.0,-26.8
2021-09-23 12:46:00.000,RBOB,-7.65,-8.45,-9.75,-11.55,-14.1,-26.8
2021-09-23 13:01:00.000,RBOB,-7.6,-8.45,-9.75,-11.45,-14.0,-26.75
2021-09-23 13:16:00.000,RBOB,-7.7,-8.5,-9.75,-11.55,-14.1,-26.75
2021-09-23 13:31:00.000,RBOB,-7.75,-8.55,-9.85,-11.65,-14.15,-26.8
2021-09-23 13:46:00.000,RBOB,-7.7,-8.5,-9.85,-11.55,-14.05,-26.7
2021-09-23 14:01:00.000,RBOB,-7.55,-8.3,-9.6,-11.4,-13.95,-26.6
2021-09-23 14:16:00.000,RBOB,-7.65,-8.45,-9.8,-11.55,-14.0,-26.75
2021-09-23 14:31:00.000,RBOB,-7.7,-8.5,-9.75,-11.5,-14.0,-26.65
2021-09-23 14:46:00.000,RBOB,-8.15,-8.95,-10.2,-11.9,-14.35,-27.1
2021-09-23 15:01:00.000,RBOB,-8.25,-9.05,-10.25,-12.0,-14.55,-27.25
2021-09-23 15:10:00.000,RBOB,-8.15,-9.0,-10.2,-12.0,-14.5,-27.3
2021-09-23 15:25:00.000,RBOB,-8.3,-9.05,-10.2,-11.9,-14.4,-27.2
2021-09-23 15:40:00.000,RBOB,-8.45,-9.25,-10.35,-12.05,-14.7,-27.4
2021-09-23 15:55:00.000,RBOB,-8.2,-9.05,-10.2,-11.9,-14.5,-27.25
2021-09-23 16:10:00.000,RBOB,-8.15,-8.95,-10.1,-11.85,-14.5,-27.15
2021-09-23 16:25:00.000,RBOB,-8.1,-8.9,-10.05,-11.75,-14.4,-27.05
2021-09-23 16:40:00.000,RBOB,-8.25,-9.0,-10.1,-11.8,-14.45,-27.1
2021-09-23 16:55:00.000,RBOB,-8.45,-9.25,-10.2,-11.8,-14.4,-27.05
2021-09-23 17:10:00.000,RBOB,-8.35,-9.1,-10.2,-11.85,-14.45,-27.1
2021-09-23 17:25:00.000,RBOB,-8.25,-9.3,-10.25,-11.85,-14.45,-27.1
2021-09-23 17:40:00.000,RBOB,-8.3,-10.55,-10.85,-12.35,-14.55,-27.25
2021-09-23 17:55:00.000,RBOB,-8.5,-10.7,-10.9,-12.4,-14.65,-27.3
2021-09-23 18:10:00.000,RBOB,-8.6,-10.85,-11.0,-12.45,-14.7,-27.2
2021-09-23 18:25:00.000,RBOB,-8.6,-10.9,-11.1,-12.7,-15.05,-27.45
2021-09-23 18:40:00.000,RBOB,-8.7,-10.95,-11.15,-12.75,-15.05,-27.4
2021-09-23 18:55:00.000,RBOB,-8.5,-10.8,-11.05,-12.7,-14.95,-27.45
2021-09-23 19:10:00.000,RBOB,-8.5,-10.75,-11.0,-12.6,-14.9,-27.35
2021-09-23 19:25:00.000,RBOB,-8.6,-10.85,-11.05,-12.65,-14.9,-27.3
2021-09-23 19:40:00.000,RBOB,-8.55,-10.85,-11.05,-12.65,-15.0,-27.35
2021-09-23 19:55:00.000,RBOB,-8.55,-10.85,-11.05,-12.65,-14.95,-27.3
2021-09-23 20:10:00.000,RBOB,-8.6,-10.85,-11.05,-12.65,-14.95,-27.35
2021-09-23 20:25:00.000,RBOB,-8.55,-10.8,-11.05,-12.65,-14.95,-27.4
2021-09-23 20:40:00.000,RBOB,-8.55,-10.75,-11.0,-12.6,-14.9,-27.35
2021-09-23 20:55:00.000,RBOB,-9.75,-10.95,-9.7,-11.35,-13.7,-27.3
2021-09-23 21:10:00.000,RBOB,-9.75,-10.95,-9.7,-11.3,-13.7,-26.1
2021-09-23 21:25:00.000,RBOB,-9.75,-10.95,-9.7,-11.35,-13.7,-26.1
2021-09-23 21:40:00.000,RBOB,-9.75,-10.95,-9.7,-11.3,-13.65,-26.05
2021-09-23 21:55:00.000,RBOB,-8.45,-10.75,-11.0,-12.6,-14.9,-27.2
2021-09-23 22:10:00.000,RBOB,-8.6,-10.8,-11.05,-12.65,-14.95,-27.4
2021-09-23 22:25:00.000,RBOB,-8.6,-10.8,-11.05,-12.65,-15.0,-27.4
2021-09-23 22:40:00.000,RBOB,-8.6,-10.85,-11.05,-12.65,-14.9,-27.4
2021-09-23 22:55:00.000,RBOB,-8.55,-10.8,-11.05,-12.65,-14.95,-27.35
2021-09-23 23:10:00.000,RBOB,-8.6,-10.8,-11.05,-12.65,-14.9,-27.35
2021-09-23 23:25:00.000,RBOB,-8.55,-10.8,-11.05,-12.65,-14.95,-27.35
2021-09-23 23:40:00.000,RBOB,-8.55,-10.8,-11.05,-12.65,-14.95,-27.35
2021-09-23 23:55:00.000,RBOB,-8.55,-10.8,-11.05,-12.65,-14.9,-27.4
2021-09-24 00:10:00.000,RBOB,-8.55,-10.85,-11.1,-12.65,-15.0,-27.4
2021-09-24 00:25:00.000,RBOB,-8.5,-10.85,-11.1,-12.65,-15.0,-27.35
2021-09-24 00:40:00.000,RBOB,-8.5,-10.85,-11.05,-12.65,-14.95,-27.35
2021-09-24 00:55:00.000,RBOB,-8.45,-10.85,-11.05,-12.6,-14.95,-27.3
2021-09-24 01:10:00.000,RBOB,-8.5,-10.85,-11.05,-12.6,-14.95,-27.3
2021-09-24 01:25:00.000,RBOB,-8.45,-10.85,-11.05,-12.6,-14.9,-27.3
2021-09-24 01:40:00.000,RBOB,-8.45,-10.8,-11.05,-12.6,-14.95,-27.3
2021-09-24 01:55:00.000,RBOB,-8.45,-10.8,-11.05,-12.6,-14.95,-27.3
2021-09-24 02:10:00.000,RBOB,-8.4,-10.75,-11.0,-12.6,-14.85,-27.25
2021-09-24 02:25:00.000,RBOB,-8.4,-10.75,-11.0,-12.6,-14.85,-27.25
2021-09-24 02:40:00.000,RBOB,-8.35,-10.75,-11.0,-12.55,-14.85,-27.25
2021-09-24 02:55:00.000,RBOB,-8.4,-10.75,-11.0,-12.55,-14.85,-27.25
2021-09-24 03:10:00.000,RBOB,-8.4,-10.75,-11.0,-12.55,-14.8,-27.25
2021-09-24 03:25:00.000,RBOB,-8.4,-10.75,-11.0,-12.6,-14.85,-27.25
2021-09-24 03:40:00.000,RBOB,-8.4,-10.75,-11.0,-12.55,-14.85,-27.25
2021-09-24 03:55:00.000,RBOB,-8.4,-10.75,-11.0,-12.55,-14.8,-27.25
2021-09-24 04:10:00.000,RBOB,-8.4,-10.75,-10.95,-12.55,-14.85,-27.25
2021-09-24 04:25:00.000,RBOB,-8.4,-10.75,-11.0,-12.55,-14.85,-27.2
2021-09-24 04:40:00.000,RBOB,-8.35,-10.75,-11.0,-12.55,-14.8,-27.2
2021-09-24 04:55:00.000,RBOB,-8.4,-10.75,-10.95,-12.55,-14.8,-27.25
2021-09-24 05:10:00.000,RBOB,-8.4,-10.75,-10.95,-12.55,-14.85,-27.15
2021-09-24 05:25:00.000,RBOB,-8.45,-10.75,-10.95,-12.55,-14.85,-27.25
2021-09-24 05:40:00.000,RBOB,-8.4,-10.75,-11.0,-12.55,-14.85,-27.25
2021-09-24 05:55:00.000,RBOB,-8.4,-10.75,-10.95,-12.55,-14.85,-27.2
2021-09-24 06:10:00.000,RBOB,-8.4,-10.75,-10.95,-12.55,-14.8,-27.2
2021-09-24 06:25:00.000,RBOB,-8.4,-10.75,-10.95,-12.55,-14.85,-27.2
2021-09-24 06:40:00.000,RBOB,-8.6,-10.95,-11.2,-12.75,-15.0,-27.5
2021-09-24 06:55:00.000,RBOB,-8.6,-10.95,-11.2,-12.75,-15.0,-27.35
2021-09-24 07:10:00.000,RBOB,-8.75,-11.1,-11.45,-13.05,-15.2,-27.75
2021-09-24 07:25:00.000,RBOB,-8.6,-10.95,-11.25,-12.95,-15.15,-27.7
2021-09-24 07:40:00.000,RBOB,-8.55,-10.95,-11.2,-12.9,-15.05,-27.45
2021-09-24 07:55:00.000,RBOB,-8.45,-10.8,-11.1,-12.8,-15.0,-27.35
2021-09-24 08:10:00.000,RBOB,-8.5,-10.9,-11.2,-12.8,-15.0,-27.35
2021-09-24 08:25:00.000,RBOB,-9.95,-10.85,-11.2,-12.8,-15.0,-27.4
2021-09-24 08:40:00.000,RBOB,-9.55,-10.8,-11.1,-12.75,-14.9,-27.25
2021-09-24 08:55:00.000,RBOB,-9.45,-10.7,-11.05,-12.7,-14.9,-27.2
2021-09-24 09:10:00.000,RBOB,-9.5,-10.75,-11.2,-12.9,-15.05,-27.45
2021-09-24 09:25:00.000,RBOB,-9.5,-10.7,-11.25,-12.95,-15.15,-27.4
2021-09-24 09:40:00.000,RBOB,-9.45,-10.75,-11.25,-12.95,-15.1,-27.45
2021-09-24 09:55:00.000,RBOB,-9.45,-10.7,-11.2,-12.9,-15.1,-27.4
2021-09-24 10:10:00.000,RBOB,-9.45,-10.75,-11.2,-12.95,-15.2,-27.45
2021-09-24 10:25:00.000,RBOB,-9.45,-10.7,-11.25,-12.95,-15.2,-27.4
2021-09-24 10:40:00.000,RBOB,-9.35,-10.6,-11.15,-12.9,-15.1,-27.45
2021-09-24 10:55:00.000,RBOB,-9.35,-10.6,-11.15,-12.85,-15.15,-27.4
2021-09-24 11:10:00.000,RBOB,-9.25,-10.5,-11.05,-12.85,-15.1,-27.4
2021-09-24 11:25:00.000,RBOB,-9.15,-10.6,-11.1,-12.85,-15.1,-27.4
2021-09-24 11:40:00.000,RBOB,-9.1,-10.55,-11.1,-12.85,-15.1,-27.45
2021-09-24 11:55:00.000,RBOB,-9.1,-10.5,-11.05,-12.85,-15.15,-27.5
2021-09-24 12:10:00.000,RBOB,-9.0,-10.45,-11.0,-12.75,-15.05,-27.4
2021-09-24 12:25:00.000,RBOB,-9.05,-10.55,-11.15,-12.9,-15.2,-27.6
2021-09-24 12:40:00.000,RBOB,-8.9,-10.45,-10.95,-12.7,-15.0,-27.3
2021-09-24 12:55:00.000,RBOB,-9.1,-10.6,-11.25,-13.0,-15.25,-27.8
2021-09-24 13:10:00.000,RBOB,-8.9,-10.45,-11.05,-12.8,-15.15,-27.25
2021-09-24 13:25:00.000,RBOB,-8.95,-10.45,-11.05,-12.8,-15.05,-27.35
2021-09-24 13:40:00.000,RBOB,-8.75,-10.25,-10.85,-12.5,-14.8,-27.1
2021-09-24 13:55:00.000,RBOB,-8.7,-10.25,-10.9,-12.55,-14.8,-27.05
2021-09-24 14:10:00.000,RBOB,-8.6,-10.15,-10.75,-12.45,-14.7,-27.05
2021-09-24 14:25:00.000,RBOB,-8.65,-10.2,-10.8,-12.5,-14.75,-27.0
2021-09-24 14:40:00.000,RBOB,-8.55,-10.1,-10.8,-12.5,-14.7,-27.0
2021-09-24 14:55:00.000,RBOB,-8.75,-10.3,-10.9,-12.55,-14.75,-27.0
2021-09-24 15:10:00.000,RBOB,-9.15,-10.65,-11.1,-12.75,-15.0,-27.05
2021-09-24 15:25:00.000,RBOB,-9.0,-10.55,-11.1,-12.9,-15.2,-27.35
2021-09-24 15:40:00.000,RBOB,-9.3,-10.85,-11.35,-13.05,-15.35,-27.6
2021-09-24 15:55:00.000,RBOB,-9.35,-10.9,-11.35,-13.05,-15.35,-27.45
2021-09-24 16:10:00.000,RBOB,-9.55,-11.05,-11.4,-13.1,-15.35,-27.6
2021-09-24 16:25:00.000,RBOB,-9.5,-11.0,-11.35,-13.1,-15.35,-27.65
2021-09-24 16:40:00.000,RBOB,-9.25,-10.8,-11.15,-12.95,-15.2,-27.7
2021-09-24 16:55:00.000,RBOB,-9.35,-10.9,-11.25,-13.0,-15.25,-27.75
2021-09-24 17:10:00.000,RBOB,-9.4,-10.95,-11.3,-13.05,-15.35,-27.7
2021-09-24 17:25:00.000,RBOB,-9.45,-10.95,-11.3,-13.05,-15.3,-27.7
2021-09-24 17:40:00.000,RBOB,-9.45,-11.0,-11.35,-13.1,-15.35,-27.65
2021-09-24 17:55:00.000,RBOB,-9.4,-10.95,-11.35,-13.15,-15.4,-27.65
2021-09-24 18:10:00.000,RBOB,-9.25,-10.8,-11.2,-13.05,-15.35,-27.7
2021-09-24 18:25:00.000,RBOB,-9.2,-10.75,-11.15,-13.0,-15.25,-27.8
2021-09-24 18:40:00.000,RBOB,-9.15,-10.7,-11.2,-13.05,-15.3,-27.75
2021-09-24 18:55:00.000,RBOB,-9.15,-10.65,-11.2,-13.0,-15.25,-27.6
2021-09-24 19:10:00.000,RBOB,-9.2,-10.7,-11.25,-13.1,-15.4,-27.7
2021-09-24 19:25:00.000,RBOB,-9.2,-10.7,-11.2,-13.05,-15.4,-27.75
2021-09-24 19:40:00.000,RBOB,-9.2,-10.7,-11.2,-13.1,-15.4,-27.7
2021-09-24 19:55:00.000,RBOB,-9.15,-10.7,-11.15,-13.0,-15.3,-27.65
2021-09-24 20:10:00.000,RBOB,-9.1,-10.6,-11.1,-12.95,-15.25,-27.6
2021-09-24 20:25:00.000,RBOB,-9.1,-10.6,-11.1,-12.95,-15.2,-27.55
2021-09-24 20:40:00.000,RBOB,-9.05,-10.55,-11.05,-12.9,-15.15,-27.45
2021-09-24 20:55:00.000,RBOB,-9.65,-10.7,-7.95,-9.75,-12.05,-24.2
2021-09-24 21:10:00.000,RBOB,-9.6,-10.7,-7.95,-9.75,-12.05,-24.35
2021-09-24 21:25:00.000,RBOB,-9.6,-10.7,-7.95,-9.75,-12.05,-24.4
2021-09-24 21:40:00.000,RBOB,-9.6,-10.7,-7.95,-9.75,-12.05,-24.4
2021-09-24 21:55:00.000,RBOB,-9.6,-10.7,-7.95,-9.75,-12.05,-24.4
2021-09-24 22:10:00.000,RBOB,-9.6,-10.7,-7.95,-9.75,-12.05,-24.4
2021-09-24 22:25:00.000,RBOB,-9.6,-10.7,-7.95,-9.75,-12.05,-24.4
2021-09-24 22:40:00.000,RBOB,-9.6,-10.7,-7.95,-9.75,-12.05,-24.4
2021-09-24 22:55:00.000,RBOB,-9.6,-10.7,-7.95,-9.75,-12.05,-24.4
2021-09-24 23:10:00.000,RBOB,-9.6,-10.7,-7.95,-9.75,-12.05,-24.4
2021-09-24 23:25:00.000,RBOB,-9.6,-10.7,-7.95,-9.75,-12.05,-24.4
2021-09-24 23:40:00.000,RBOB,-9.6,-10.7,-7.95,-9.75,-12.05,-24.4
2021-09-24 23:55:00.000,RBOB,-9.6,-10.7,-7.95,-9.75,-12.05,-24.4
